Danielle, Johnson, 32181 Johnson Course Apt. 389, New Jamesside, IN, 59379, 02/17/2004, 05/15/2027, 65
Joshua, Booth, 654 Jason Track, Curtisfurt, MI, 45583, 04/02/2004, 05/15/2026, 75
Joseph, Williams, 161 Calderon River Suite 931, Lake Jeremyport, IN, 13739, 05/09/2002, 05/15/2026, 68
Joshua, Reid, 55341 Amanda Gardens Apt. 764, Lake Mark, WI, 07832, 01/24/2001, 05/15/2025, 120
Lydia, Trujillo, 1395 Diana Locks Suite 242, Lake Anna, WA, 77123, 10/06/2002, 05/15/2025, 110
Rachael, Ross, 87101 Courtney Turnpike, Carlsonfurt, PA, 61849, 08/14/2003, 05/15/2025, 93
John, Tran, 184 Rodriguez Mews, South Aaron, VA, 35023, 05/18/2003, 05/15/2027, 31
Kathleen, Romero, 489 Eric Track, New Stephanie, AL, 79005, 11/16/2001, 05/15/2025, 94
Tracy, Rodriguez, 3039 Christopher Oval Apt. 822, Arroyoburgh, NC, 80008, 09/19/2002, 05/15/2026, 85
Tamara, Hickman, 465 Lam Mission, East Jeffreymouth, OR, 73104, 01/27/2001, 05/15/2025, 120
Brianna, Smith, 10518 Joshua Oval, New David, OK, 76026, 02/20/2003, 05/15/2027, 46
John, Kennedy, 11656 Owens Stream Apt. 106, Laurenville, ID, 25432, 09/06/2003, 05/15/2026, 62
Shane, Henderson, 3178 Brent Plains Apt. 132, Tuckerborough, MO, 08186, 07/08/2000, 05/15/2022, 120
Nicholas, Galloway, 4687 James Forge Apt. 980, Brianshire, NY, 70116, 06/16/2000, 05/15/2024, 120
Brian, Romero, 91361 Beth Canyon, South Dianeshire, MD, 34680, 11/08/2000, 05/15/2022, 120
Elizabeth, Edwards, 2475 Albert Road Apt. 183, Davidstad, CA, 32519, 04/06/2002, 05/15/2025, 120
Justin, Kim, 808 Huynh Cove Apt. 411, West Juan, VT, 45443, 11/06/2000, 05/15/2023, 120
Grace, Farrell, 0164 Adam Trail Apt. 427, Hoffmanville, UT, 20037, 10/05/2003, 05/15/2026, 60
Barry, Wood, 2045 Rachel Fords, Lake Curtis, OH, 53765, 05/25/2004, 05/15/2028, 28
Kara, Frost, 26025 Pham Way, West Erik, CT, 50641, 07/15/2006, 05/15/2029, 0
Benjamin, Ruiz, 5433 Donna Locks, Joshualand, KY, 46526, 07/29/2004, 05/15/2027, 51
William, Frazier, 14294 Daniel Mews Suite 569, South Rachelborough, AZ, 93402, 10/29/2002, 05/15/2024, 120
Aaron, Frost, 6159 Alvarado Crossing, Williamchester, MO, 91885, 08/19/2001, 05/15/2025, 115
Angela, Lee, 299 Sullivan Village Apt. 443, Floydmouth, NV, 58455, 11/12/2004, 05/15/2027, 34
Jason, Kennedy, 148 Davis Terrace, Lake Lance, ID, 19814, 04/29/2099, 05/15/2021, 120
Brandon, Riggs, 6936 Ross Drive, Port Michelleville, NE, 29184, 08/12/2000, 05/15/2024, 120
Linda, Dominguez, 83172 Contreras Points Suite 798, Rivasside, GA, 97973, 06/12/2006, 05/15/2028, 38
Thomas, Green, 487 Joshua Club, Jimmymouth, ND, 11062, 04/17/2000, 05/15/2022, 120
Edward, Reyes, 316 Rivera Mountain, Brownchester, WI, 77057, 01/12/2005, 05/15/2028, 10
Andrew, Gilmore, 0546 Medina Street Apt. 734, Tuckerfurt, TN, 89517, 11/27/2005, 05/15/2029, 0
Richard, Martin, 98069 Christopher Meadow Apt. 720, Nicholasborough, MD, 44737, 08/05/2005, 05/15/2028, 7
Nichole, Ramirez, 1708 Zoe Keys Apt. 100, East Mary, FL, 31767, 03/11/2000, 05/15/2022, 120
Thomas, Wilson, 4529 Kimberly Estates, Danieltown, OK, 89282, 11/04/2006, 05/15/2030, 0
Susan, Sanders, 93149 Laura Port, West Amandastad, NY, 85375, 01/08/2002, 05/15/2026, 71
Alexander, Fisher, 65726 Jessica Run Suite 987, Grahamshire, MD, 32678, 03/08/2006, 05/15/2030, 0
Sarah, Ramirez, 79965 Troy Islands Apt. 735, Matthewview, AL, 68216, 09/28/2000, 05/15/2024, 120
Christopher, Cortez, 377 Mcguire Course Suite 363, Elizabethstad, OH, 70089, 01/16/2002, 05/15/2025, 96
Ronald, Reese, 7444 David Fields Suite 182, East Joanna, VA, 77779, 08/01/2005, 05/15/2029, 0
Alicia, Campbell, 43524 Jean Crossroad, Brandonton, LA, 91912, 03/11/2000, 05/15/2023, 120
Dana, Mullins, 94777 Lopez Center, Shelleyfort, CA, 53022, 04/20/2003, 05/15/2025, 120
Charles, Soto, 29413 Angela Mall, Port Alexandra, NV, 39475, 06/08/2006, 05/15/2029, 0
Brianna, Patterson, 133 Guerrero Estate, East Andrea, AL, 54046, 12/13/2002, 05/15/2025, 90
Hannah, Harrison, 44713 French Road, South Danny, SD, 20029, 11/05/2006, 05/15/2030, 0
Joseph, Thomas, 49947 Taylor Hollow, Benderhaven, NM, 57878, 10/20/2099, 05/15/2023, 120
Carly, Preston, 401 Suzanne Villages Apt. 490, South April, KY, 24289, 02/05/2004, 05/15/2027, 67
Ryan, Olsen, 5655 Mia Isle, Steeleport, MO, 72603, 06/07/2099, 05/15/2023, 120
Shawn, Edwards, 68087 Brown Path Suite 977, East Josephberg, NV, 92022, 03/29/2003, 05/15/2025, 120
David, Dudley, 248 Andrea Course, Port Robin, DE, 85397, 03/13/2006, 05/15/2030, 0
Eric, Cantu, 467 Sanchez Plaza Apt. 639, Port Chad, WY, 54888, 01/03/2002, 05/15/2026, 62
Sarah, Romero, 4997 Sean Orchard, Martinside, NH, 42677, 07/07/2006, 05/15/2029, 5
